,question
0,"Deliver to
Spain"
1,"Deliver to
Spain"
2,
3,
4,
5,
6,
7,
8,
9,
10,
11,
12,
13,
14,
15,
16,
17,"            Most Helpful first
            Newest First
          "
18,Most Helpful first
19,
20,
21,What types of collagen does this contain?
22,See all 3 answers
23,
24,
25,Certified Halal/kosher - are the cattle ritually slaughtered? I am against this due to animal welfare? this should be clear on the details?
26,See all 10 answers
27,
28,
29,Heavy metals and other contaminants: who tested your products and when please? Is every batch tested?
30,
31,
32,"I have elhers danlo hypermobility and would prefer a type i, ii, iii, as type i may not support type ii production in me. can you add it please?"
33,See all 2 answers
34,
35,
36,How long does one tub last for please?
37,See all 4 answers
38,
39,
40,Hello what grade of collagen is this and what is the mg strength per scoop
41,
42,
43,Can you use this product to make gummies? If so please post the best recipe!
44,
45,
46,Is this collagen from cows only?
47,
48,
49,Has anyone noticed hair growth with this product.
50,See all 9 answers
51,
52,
53,are there any interactions with other vitamins or minerals?
54,See all 4 answers
55,"Deliver to
Spain"
56,"Deliver to
Spain"
57,
58,
59,
60,
61,
62,
63,
64,
65,
66,
67,
68,
69,
70,
71,
72,"            Most Helpful first
            Newest First
          "
73,Most Helpful first
74,
75,
76,Just to be sure.Are this collagen 10000mg?And are marine? Thank you.
77,See all 5 answers
78,
79,
80,Hi I love your bovine product. Sadly it is out of stock and not even sure itâ€™s coming back! There quite a jump up in price for marine.
81,
82,
83,Is this product certified grass fed?
84,See all 3 answers
85,
86,
87,"Hello, I am interested in collagen containing bio active collagen peptides as I believe itâ€™s effective against cellulite. Is this the right product?"
88,See all 2 answers
89,
90,
91,It says in description halal certified but does not have that on the picture. Then it says from brazilian cattle???
92,See all 3 answers
93,
94,
95,should I still buy protein powder for muscle maintenance or can this product be used for this?
96,See all 5 answers
97,
98,
99,Can you produce halal certification?
100,See all 3 answers
101,
102,
103,"has this got 10,000mg of collagen in each serving? thanks"
104,See all 2 answers
105,
106,
107,I live in ireland how can i order this
108,
109,
110,Why is marine powder more expensive than the bovine powder
111,See all 2 answers
112,"Deliver to
Spain"
113,"Deliver to
Spain"
114,
115,
116,
117,
118,
119,
120,
121,
122,
123,
124,
125,
126,
127,
128,
129,"            Most Helpful first
            Newest First
          "
130,Most Helpful first
131,
132,
133,When back in stock?
134,
135,
136,What type of collagen does your product contain. There is nothing on the packaging to say. Is it confirmed grass fed. Thank you.
137,See all 4 answers
138,
139,
140,"Hi, how many mg one scoop contain?"
141,See all 2 answers
142,
143,
144,Can you use this for dogs
145,See all 2 answers
146,
147,
148,Does this collagen have to used within a certain length of time after opening?
149,See all 2 answers
150,
151,
152,Where are the animals raised ?are they in the Uk or EU .or raised somewhere else?
153,See all 2 answers
154,
155,
156,can i double the dose of this product? i am no longer getting the same benefits i did when i started using it a couple of years ago
157,See all 5 answers
158,
159,
160,"Hello, has this product been tested for heavy metal contamination ? Thank you in advance :-)"
161,
162,
163,How long does it take to see some results about your hair? And does it help with hair loss or just help to make it grow faster and thicker? Thank you
164,See all 5 answers
165,
166,
167,Can you guarantee this is ractopamine free?
168,"Deliver to
Spain"
169,"Deliver to
Spain"
170,
171,
172,
173,
174,
175,
176,
177,
178,
179,
180,
181,
182,
183,
184,
185,"            Most Helpful first
            Newest First
          "
186,Most Helpful first
187,
188,
189,what grams per serving of the collagen types 1-2-3 does the product provide?
190,See all 2 answers
191,
192,
193,Does this help with wrinkles?
194,See all 2 answers
195,
196,
197,"The first batch odourless/tasteless, the second had strong smell/taste. How can I get more of first batch?"
198,See all 2 answers
199,
200,
201,Can anyone confirm dissolving with boiling water is fine as well and will not degrade/lessen the effectiveness of this product?
202,See all 5 answers
203,
204,
205,Where can I find vegan bovine collagen? ðŸ¤”ðŸ˜¬
206,
207,
208,Where has the collagen been sourced from? uk bovine or where?
209,See all 5 answers
210,
211,
212,is this product halal?
213,See all 3 answers
214,
215,
216,What is the molecular size in daltons of this collagen?
217,See all 2 answers
218,
219,
220,"Hello, there is nowhere on the tub where it says how to get the 13g serving - and no serving scoop. Please advise."
221,
222,
223,What Country does the Bovine cows in current batch come from?
224,"Deliver to
Spain"
225,"Deliver to
Spain"
226,
227,
228,
229,
230,
231,
232,
233,
234,
235,
236,
237,
238,
239,
240,
241,"            Most Helpful first
            Newest First
          "
242,Most Helpful first
243,
244,
245,Why has this product gone down from 454g to 400g with no warning and price is exactly the same
246,
247,
248,How do I know the expiring date?
249,See all 3 answers
250,
251,
252,Is it possible to ship to Denmark?
253,
254,
255,Can this be used to make jellies? Will it act like gelatine? Or will it not work because the peptide bonds have been broken?
256,
257,
258,How much collagen is there in each serving?
259,See all 3 answers
260,
261,
262,Hi can you subscribe to is item
263,
264,
265,Will pineapple juice help the absorption of collagen.
266,See all 2 answers
267,
268,
269,Has this product just gone up by Â£10 in the last 4 hours? I'm sure it was Â£19.99 when I put it in my basket earlier.
270,
271,
272,How is the collagen hydrolysed please?
273,
274,
275,"Hi there, is this sweetener free porduct?"
276,See all 3 answers
277,"Deliver to
Spain"
278,"Deliver to
Spain"
279,
280,
281,
282,
283,
284,
285,
286,
287,
288,
289,
290,
291,
292,
293,
294,"            Most Helpful first
            Newest First
          "
295,Most Helpful first
296,
297,
298,Is this the same as bone broth collagen?
299,See all 2 answers
300,
301,
302,Does your product contain calcium? I am worried about potential for hypercalcemia.
303,See all 3 answers
304,
305,
306,Hi please could you tell me if your product has Hyloronic Acid thank you
307,See all 4 answers
308,
309,
310,Will you ever add l-tryptophan aand vitamin c to this in future?
311,
312,
313,Can it cause the runs
314,See all 4 answers
315,
316,
317,"Hi, i'm a sports therapist & pain coach but unfortunately, i've over done it on helping others. marine type 1 is best from fish, can you clarify?"
318,See all 2 answers
319,
320,
321,Please advise do you sell a chicken collagen product? I tried your bovine product and had problems and was told to try chicken collagen.
322,
323,
324,Hi .I cant find the tupe to measure 40 gram on the order you send to me ?
325,
326,
327,"To the seller. Which organisation certifi your product as halal? also i tried to email you, it sad that my massage was not accepted. Than you."
328,See all 2 answers
329,
330,
331,"Why is the fish version so much more expensive, is it superior?"
332,"Deliver to
Spain"
333,"Deliver to
Spain"
334,
335,
336,
337,
338,
339,
340,
341,
342,
343,
344,
345,
346,
347,
348,
349,"            Most Helpful first
            Newest First
          "
350,Most Helpful first
351,
352,
353,How much protein/carbs etc is in this?
354,See all 2 answers
355,
356,
357,Does it contain arginine
358,See all 2 answers
359,
360,
361,is there an ingredients list?
362,See all 6 answers
363,
364,
365,"Question for seller pls. Would a non kosher n halal version be possible, going forward? Cheers"
366,See all 2 answers
367,
368,
369,does this product contain all the amio acids showed on the bottle or just those ones with star marks (essential)?
370,See all 2 answers
371,
372,
373,Hello Iâ€™m trying to buy a 400g tub but itâ€™s not coming up as an option? I bought it a couple of months ago and the marine is too expensive for me. Tha
374,
375,
376,"I take it its dairy free? Doesnt say on the ingredients label, but I've been caught out before"
377,See all 4 answers
378,
379,
380,Does it have salt in the ingredients?
381,See all 8 answers
382,
383,
384,Please could possible say when the Bovine one will be back in stock? Thank you. I throughly recommend it!
385,
386,
387,How many mg of vitamin c should I be taking daily alongside the collagen?
388,See all 4 answers
389,"Deliver to
Spain"
390,"Deliver to
Spain"
391,
392,
393,
394,
395,
396,
397,
398,
399,
400,
401,
402,
403,
404,
405,
406,"            Most Helpful first
            Newest First
          "
407,Most Helpful first
408,
409,
410,Is there any lactose or gluten in the product pls?
411,See all 2 answers
412,
413,
414,How much fat is in contents and where is it from?
415,
416,
417,Does this product contain soy?
418,See all 4 answers
419,
420,
421,Is this good for oily skin?
422,See all 6 answers
423,
424,
425,is your product vegetarian please and if not would you recommend something equivalent. Thank you.
426,
427,
428,"Hi , Do you have an actual website because I could not find one and the one on your tub is not taking me to a website .Thank you for your help"
429,
430,
431,hello! The suggested 13g is the equivalent of what? 1 tablespoon?
432,See all 6 answers
433,
434,
435,How much fat is there per serving?
436,See all 5 answers
437,
438,
439,Do you do a 'multi' collagen powder please?
440,
441,
442,I typed in bone broth and got this is it the same benefits please
443,See all 2 answers
444,"Deliver to
Spain"
445,"Deliver to
Spain"
446,
447,
448,
449,
450,
451,
452,
453,
454,
455,
456,
457,
458,
459,
460,
461,"            Most Helpful first
            Newest First
          "
462,Most Helpful first
463,
464,
465,"Hi, is this company the same as organixx. when i search for organixx collagen powder this shows up?"
466,See all 2 answers
467,
468,
469,Can you consume in all go and with water alone? I live a fasted lifestyle
470,See all 5 answers
471,
472,
473,Has anybody found that this collagen has helped with wrinkles and maintaining youthful skin?
474,
475,
476,What's the difference between Halal and Kosher? ðŸ˜Š
477,See all 3 answers
478,
479,
480,Is this product shipped from the UK??
481,
482,
483,"Where can i find the nutritional value per serving please? E.g. calories, carbs ect"
484,See all 4 answers
485,
486,
487,Hi the shipping in th UK is advertised as free but then added on at checkout?
488,
489,
490,Still waiting to hear if bse free and checked for bse
491,See all 3 answers
492,
493,
494,"How much collagen is there per serving (e.g. 5000 mg, 6000 mg or 10.000 mg)? You don't specify it on the label like many other companies."
495,See all 2 answers
496,
497,
498,How long do you take this before you see a difference in hair thickness pls
499,See all 2 answers
500,"Deliver to
Spain"
501,"Deliver to
Spain"
502,
503,
504,
505,
506,
507,
508,
509,
510,
511,
512,
513,
514,
515,
516,
517,"            Most Helpful first
            Newest First
          "
518,Most Helpful first
519,
520,
521,"Has the packaging changed? My last one read, under premium protein powder-collagen hydrolysate, this one says bovine collagen."
522,See all 4 answers
523,
524,
525,Where is it made BSE free & tested heavy metals
526,See all 3 answers
527,
528,
529,Is the refill pouch recyclable?
530,
531,
532,Does the powder contain any glucosamine or anything from fish?
533,
534,
535,Is there creatine in this powder
536,See all 4 answers
537,
538,
539,Can I see the certifiacate and results for heavy metal testing of this?
540,
541,
542,does it taste neutral like marine collagen or does it taste like beef stock? Strong taste or light?
543,See all 6 answers
544,
545,
546,does this product have any flavour? will I notice it in coffee?
547,See all 7 answers
548,
549,
550,Please can you provide a halal certificate? Ive emailed twice to request this already
551,See all 6 answers
552,
553,
554,I noticed that I'm starting to have sagging cheeks. Will this collagen powder helps to improve my skin condition? Which powder would you recommend?
555,See all 6 answers
556,"Deliver to
Spain"
557,"Deliver to
Spain"
558,
559,
560,
561,
562,
563,
564,
565,
566,
567,
568,
569,
570,
571,
572,
573,"            Most Helpful first
            Newest First
          "
574,Most Helpful first
575,
576,
577,What is the strength per 2 tbsp?
578,See all 3 answers
579,
580,
581,Can you make actual jelly with it? I am looking for a beef gelatine yo prepare fruit juice jelly for my children. Is it suitable? If so how to use it?
582,See all 3 answers
583,
584,
585,"Previous answer states Argentinian beef products used, but is this also where it is manufactured?"
586,See all 2 answers
587,
588,
589,Does this contain essential minerals?
590,See all 2 answers
591,
592,
593,Hi can you tell me if this is the same as bone broth?
594,See all 2 answers
595,
596,
597,Do u deliver internationally??
598,See all 2 answers
599,
600,
601,How good is this supplement for ligament and tendon repair?
602,See all 2 answers
603,
604,
605,Is this also known as collagen peptides?
606,
607,
608,can you tell me the potassium content of the powdered collagen?
609,See all 2 answers
610,
611,
612,How many servings per container ? Thanks
613,See all 4 answers
614,"Deliver to
Spain"
615,"Deliver to
Spain"
616,
617,
618,
619,
620,
621,
622,
623,
624,
625,
626,
627,
628,
629,
630,
631,"            Most Helpful first
            Newest First
          "
632,Most Helpful first
633,
634,
635,"Please could you tell will this product help to build up muscles? Can it be used to build up muscles? If not, then which one of your products will?"
636,See all 3 answers
637,
638,
639,I am likely to put on weight with these if I donâ€™t exercise?
640,See all 6 answers
641,
642,
643,What colour is it when mixed with water? Is there any taste? Thank-you
644,See all 10 answers
645,
646,
647,Please list ingredients no gluten sugar yeast milk soy corn fish iodine free
648,See all 3 answers
649,
650,
651,Can anyone confirm if it really is flavourless? I want to mix it into over night oats without changing the taste or texture etc.. is this unlikely?
652,See all 6 answers
653,
654,
655,How can I be sure as to the certification of the purity of the raw materials when they originate from a foreign country?
656,
657,
658,"I just wondered on the advert it says take one table spoon, but on the container it says take 2 tablespoons what is the correct amount ?"
659,
660,
661,Is bovin collagen peptide powder 100% halal
662,See all 2 answers
663,
664,
665,can you use both fus and bovine together?
666,See all 2 answers
667,
668,
669,How / where can I purchase the ecco bulk bags?
670,"Deliver to
Spain"
671,"Deliver to
Spain"
672,
673,
674,
675,
676,
677,
678,
679,
680,
681,
682,
683,
684,
685,
686,
687,"            Most Helpful first
            Newest First
          "
688,Most Helpful first
689,
690,
691,Brazilian cattle tend to be fed on destroyed rainforest land. Can you guarantee this is not the case with your product?
692,See all 2 answers
693,
694,
695,Would this product kick you out of ketosis if following a keto diet
696,See all 4 answers
697,
698,
699,Do you have vit c and hydraulic acid in your product to help with absorption?
700,
701,
702,Does this contain l-glutamine? If so how many g per portion please :).
703,See all 2 answers
704,
705,
706,Whatâ€™s the difference between this one and the marine one (apart from the obvious and the higher price tag) but are the benefits the same for both? T.
707,See all 2 answers
708,
709,
710,Has anyone noticed a strong smell to their pee. I have been taking it for just over a week and it has been very noticeable the last could of days
711,See all 2 answers
712,
713,
714,Is the missing essential amino acid needed to make any type of collagen in the body? What is this missing essential amino acid?
715,See all 3 answers
716,
717,
718,Is this product gluten free?
719,See all 3 answers
720,
721,
722,"Hi, this is for the seller please. Is there any way to have a copy of the halal certification?"
723,
724,
725,Expiry date
726,See all 3 answers
727,"Deliver to
Spain"
728,"Deliver to
Spain"
729,
730,
731,
732,
733,
734,
735,
736,
737,
738,
739,
740,
741,
742,
743,
744,"            Most Helpful first
            Newest First
          "
745,Most Helpful first
746,
747,
748,Looking for a good collagen powder that does the job to have a healthy hair ? Don't know which one to choose :( but in really need one
749,See all 7 answers
750,
751,
752,I have read that marine collagen is approx 1.5 times more bio available than the bovine variety so my question is why would i buy bovine over marine?
753,See all 3 answers
754,
755,
756,Does anybody who has been taking it find this product makes you fat? If not Iâ€™m buying it! Thanks!
757,See all 3 answers
758,
759,
760,"thank you............... Is there a list of the amino acids on the tub? i need to know about ""Tyrosine"""
761,See all 6 answers
762,
763,
764,How many mg of vitamin c should I be taking daily alongside the collagen?
765,
766,
767,"Hi, i require type ii collagen and was wondering what the collagen proportions are in your product as i canâ€™t see this information on the page?"
768,
769,
770,I have a new pot and it has types 1 +111 on the label the same product?
771,See all 3 answers
772,
773,
774,By which process is the collagen hydrolysed?
775,
776,
777,And one more quation.1&3 type of collagen?
778,
779,
780,Can I subscribe to receive this monthly?
781,"Deliver to
Spain"
782,"Deliver to
Spain"
783,
784,
785,
786,
787,
788,
789,
790,
791,
792,
793,
794,
795,
796,
797,
798,"            Most Helpful first
            Newest First
          "
799,Most Helpful first
800,
801,
802,I am wondering if this product contains any anti-biotic ingredients? Thank you.
803,See all 2 answers
804,
805,
806,How to store the product in a hot and humid climate
807,
808,
809,"Which collagen do you recommend, bovine or marine. Edible health team.."
810,See all 4 answers
811,
812,
813,"Hi, is this any sweetener in this product?"
814,
815,
816,I purchased this last year and it was good but it did have a plastic smell & taste to it. Has this issue been resolved?
817,See all 3 answers
818,
819,
820,Has anyone experienced an increase in body as a result of taking this? I have had laser hair removal but think hair is regrowing again?
821,
822,
823,Does this help with hormonal acne?
824,See all 4 answers
825,
826,
827,Will this help tighten excess skin after weight loss?
828,See all 3 answers
829,
830,
831,does this product promotes body hair?
832,See all 7 answers
833,
834,
835,Have you noticed an improvement with your hair using this?
836,See all 5 answers
837,"Deliver to
Spain"
838,"Deliver to
Spain"
839,
840,
841,
842,
843,
844,
845,
846,
847,
848,
849,
850,
851,
852,
853,
854,"            Most Helpful first
            Newest First
          "
855,Most Helpful first
856,
857,
858,Does it contain hyalauronic acud
859,See all 3 answers
860,
861,
862,The last two tubs with the same batch no. have tasted foul. how can i get a different batch?
863,
864,
865,The product is advertised with free uk delivery but is added on at check out?
866,See all 2 answers
867,
868,
869,"does this contain msg, or free glutamic acid?"
870,See all 3 answers
871,
872,
873,Is this product from hormone and antibiotic free cattle?
874,See all 3 answers
875,
876,
877,Which country is this manufactured in?
878,See all 2 answers
879,
880,
881,Hello this is the 3rd tub of collagen powder i have bought from you unfortunately the tub is only just over3/4 full last two tubs were a full tub .
882,
883,
884,Is this product good for hair growth
885,See all 3 answers
886,
887,
888,What if any vitamins does this contain ? I take berocca tablets everyday which is full of B vitamins. Donâ€™t want to over do it on them
889,See all 6 answers
890,
891,
892,How is this halal certified? For it to be halal the animal has to be slaughtered a certain way.So if the collagen is derived from cows.How do you know
893,See all 3 answers
894,"Deliver to
Spain"
895,"Deliver to
Spain"
896,
897,
898,
899,
900,
901,
902,
903,
904,
905,
906,
907,
908,
909,
910,
911,"            Most Helpful first
            Newest First
          "
912,Most Helpful first
913,
914,
915,Is this certifid gluten free???????
916,See all 3 answers
917,
918,
919,Would this benefit broken bones?
920,See all 2 answers
921,
922,
923,is this hormone and antibiotic free?
924,See all 5 answers
925,
926,
927,I have just bought this for the first time . There is no scoop. (I have checked!) So can someone tell me how big a scoop is please?
928,See all 8 answers
929,
930,
931,"Hi, Please could you provide your website?"
932,
933,
934,Was about to order but says unavailable - hope not discontinuing.
935,
936,
937,"Dear all, why delivering in Serbia is not possibile?"
938,
939,
940,Just to clarify has animals been cruelly treated to obtain this product? It seems really good but canâ€™t buy if that is the case.
941,
942,
943,"Hello there, will this make liquid gel up i.e will it work in jelly making."
944,See all 2 answers
945,
946,
947,How many mgs of collagen ( Bovine) are in 2 scoops?
948,See all 2 answers
949,"Deliver to
Spain"
950,"Deliver to
Spain"
951,
952,
953,
954,
955,
956,
957,
958,
959,
960,
961,
962,
963,
964,
965,
966,"            Most Helpful first
            Newest First
          "
967,Most Helpful first
968,
969,
970,Suitable to add into a fruit smoothie or does it ruin the taste?
971,See all 13 answers
972,
973,
974,Can you put 2 tablespoons in a mug of hot drink
975,See all 12 answers
976,
977,
978,How long does it take to see some results for your hair growing faster and thicker? And does it help to reduce hair loss?
979,See all 2 answers
980,
981,
982,Is this a powder or liquid please?
983,See all 5 answers
984,
985,
986,Why is the quantity of this product described as being perfect for auto-ordering but it is not available on Subscribe and Save?
987,
988,
989,Why has this item increased by Â£3 in the last cupe of months?
990,
991,
992,You mentioned that your business is UK based however the product is made in Brazil.how do you ensure that the product meets the eu standards
993,
994,
995,isthere a vegetarian collagen supplement?
996,
997,
998,What types of collagen does this contain?
999,See all 3 answers
1000,
1001,
1002,is this sort of collagen suitable for skin tightening especially around the belly after weight loss? as its certain peptides apparently? thank you
1003,See all 3 answers
1004,"Deliver to
Spain"
1005,"Deliver to
Spain"
1006,
1007,
1008,
1009,
1010,
1011,
1012,
1013,
1014,
1015,
1016,
1017,
1018,
1019,
1020,
1021,"            Most Helpful first
            Newest First
          "
1022,Most Helpful first
1023,
1024,
1025,"Cows from Brazil,packaged in the uk,but what country is this collagen processed in . Thankyou"
1026,
1027,
1028,How many calories in daily dose of 2 tablespoons
1029,See all 2 answers
1030,
1031,
1032,"Question for the seller. To reduce plastic use, would you consider a refil pack option for regular buyers, & maybe a subscribe & save option?"
1033,
1034,
1035,"Seller, why the image of a scantily-clad woman? Are you guaranteeing long, strong hair and slimmer bodies? I find it off-putting to the utmost degree"
1036,See all 3 answers
1037,
1038,
1039,How many grammes is this product?
1040,See all 9 answers
1041,
1042,
1043,I'm type 1 diabetic - does this product have any material carbohydrate content that may affect blood sugar?
1044,
1045,
1046,Would this be considered Keto friendly?
1047,See all 3 answers
1048,
1049,
1050,Is this product halal?
1051,
1052,
1053,"You mention eco bulk bags, but where can I purchase these? I already have 3 empty tubs!"
1054,See all 3 answers
1055,
1056,
1057,Question for the seller: Is the tub recyclable?
1058,See all 3 answers
1059,"Deliver to
Spain"
1060,"Deliver to
Spain"
1061,
1062,
1063,
1064,
1065,
1066,
1067,
1068,
1069,
1070,
1071,
1072,
1073,
1074,
1075,
1076,"            Most Helpful first
            Newest First
          "
1077,Most Helpful first
1078,
1079,
1080,Can it be used with femoston 1/10?
1081,See all 3 answers
1082,
1083,
1084,"It says these are halal, in which process makes them halal? It is from animal produce?"
1085,See all 3 answers
1086,
1087,
1088,How many grams of protein are in a tablespoon/ 15g of product?
1089,See all 2 answers
1090,
1091,
1092,Nutrition facts info please. iâ€™m on keto diet and i would like to see the carbohydrate content of this product.
1093,See all 8 answers
1094,
1095,
1096,Has this product been tested for lead or any other possible heavy metals?
1097,See all 2 answers
1098,
1099,
1100,"I am new to these type of powder, I need help to decide if this is good? I am a dancer and over 30yrs i training alot and want to help mybody recover"
1101,See all 10 answers
1102,
1103,
1104,Can you confirm which type of collagen is in this product please
1105,See all 2 answers
1106,
1107,
1108,"Is this grass finished, do the animals get any pharmaceutical drug(vaccines, antibiotics etc.)?"
1109,
1110,
1111,is this suitable for vegetarians? When i enlarged the picture of the back of the tub it said something about vegetarians
1112,See all 7 answers
1113,
1114,
1115,Wss going to buy but noticed the 12% shrinkage from my previous order of three tubs. Why has the price not changed?
1116,"Deliver to
Spain"
1117,"Deliver to
Spain"
1118,
1119,
1120,
1121,
1122,
1123,
1124,
1125,
1126,
1127,
1128,
1129,
1130,
1131,
1132,
1133,"            Most Helpful first
            Newest First
          "
1134,Most Helpful first
1135,
1136,
1137,"Where is this product actually manufactured? The cattle is sourced from Brazil, but is it manufactured in Brazil?"
1138,
1139,
1140,"Hi, i would like to know which kind of collage is the best for treat losing hair...???"
1141,See all 2 answers
1142,
1143,
1144,does this contain fish ?
1145,See all 2 answers
1146,
1147,
1148,"It is stated the best source of hyaluronic acid is bone broth, yet says it does not contain ha. can you explain please as ordered for ha maybe wrongly"
1149,See all 2 answers
1150,
1151,
1152,Trying to compare this to the new anti-aging blend by the same company. How much collagen is in 13g compared to the anti-aging blend please?
1153,
1154,
1155,Does this company do a non-halal/kosher version of collagen? Won't buy halal.
1156,"Deliver to
Spain"
1157,"Deliver to
Spain"
1158,
1159,
1160,
1161,
1162,
1163,
1164,
1165,
1166,
1167,
1168,
1169,
1170,
1171,
1172,
1173,"            Most Helpful first
            Newest First
          "
1174,Most Helpful first
1175,"Deliver to
Spain"
1176,"Deliver to
Spain"
1177,
1178,
1179,
1180,
1181,
1182,
1183,
1184,
1185,
1186,
1187,
1188,
1189,
1190,
1191,
1192,"            Most Helpful first
            Newest First
          "
1193,Most Helpful first
1194,
1195,
1196,What's the Country of origin of the cattle? Is it tasteless and odourless? Does it dissolve well?
1197,
1198,
1199,why has the price gone up by so much?
1200,
1201,
1202,How long should I give this product before expecting to see changes?
1203,
1204,
1205,Is this product kosher or halal?
1206,See all 2 answers
1207,
1208,
1209,I canâ€™t see 21k worth of rating?
1210,
1211,
1212,Is this product kosher or halal?
1213,
1214,
1215,How many servings is in this container ?
1216,See all 3 answers
1217,
1218,
1219,I donâ€™t get it why this and most other collagen supplements miss out on type and only do type 1 and 3?
1220,
1221,
1222,is it suitable for vegetarians ?
1223,
1224,
1225,What is the texture of this? Mine is a little grainy
1226,"Deliver to
Spain"
1227,"Deliver to
Spain"
1228,
1229,
1230,
1231,
1232,
1233,
1234,
1235,
1236,
1237,
1238,
1239,
1240,
1241,
1242,
1243,"            Most Helpful first
            Newest First
          "
1244,Most Helpful first
1245,
1246,
1247,What's the Country of origin of the cattle? Is it tasteless and odourless? Does it dissolve well?
1248,
1249,
1250,Is this really worth this price? Honest opinion please
1251,See all 2 answers
1252,
1253,
1254,Why so much Sodium content?
1255,"Deliver to
Spain"
1256,"Deliver to
Spain"
1257,
1258,
1259,
1260,
1261,
1262,
1263,
1264,
1265,
1266,
1267,
1268,
1269,
1270,
1271,
1272,"            Most Helpful first
            Newest First
          "
1273,Most Helpful first
1274,
1275,
1276,Is this marine collagen from wild caught fish?
1277,See all 5 answers
1278,
1279,
1280,Is it made in china
1281,See all 4 answers
1282,
1283,
1284,what is the molecular weight this marine collagen?
1285,
1286,
1287,I bought this yesterday but thought iâ€™d purchased the marine collagen. it turns out i bought the bovine. is there much difference?
1288,See all 5 answers
1289,
1290,
1291,Hi if I take this in boiling hot or boiling tea would it destroy any of the benefits?
1292,See all 6 answers
1293,
1294,
1295,"Hello, how long is the shelf life of the product after opening?"
1296,
1297,
1298,The Bovine or marine specifically for sagging skin
1299,
1300,
1301,Hi there does this contain phytoplankton? Is collagen the same thing?
1302,See all 4 answers
1303,
1304,
1305,"Hi, I canâ€™t seem to find any mention of kilodalton anywhere? Are you able to help me out? Thanks"
1306,See all 4 answers
1307,
1308,
1309,How many calories in a level tablespoon please
1310,See all 5 answers
1311,"Deliver to
Spain"
1312,"Deliver to
Spain"
1313,
1314,
1315,
1316,
1317,
1318,
1319,
1320,
1321,
1322,
1323,
1324,
1325,
1326,
1327,
1328,"            Most Helpful first
            Newest First
          "
1329,Most Helpful first
1330,
1331,
1332,"Hi I need to order another tub of the marine collagen, but found your bovine collagen whjch states specifically it is anti ageing. Which is best?"
1333,See all 3 answers
1334,
1335,
1336,is it mercury free ?
1337,See all 2 answers
1338,
1339,
1340,Does it contain vitamin C and zinc??
1341,See all 6 answers
1342,
1343,
1344,"Recently ordered a tub but postage was added for some reason ,when it clearly stated postage was free,have had no sign of refund"
1345,
1346,
1347,"Iâ€™ve read collagen falls apart at temperatures above body temperature, turning it into plain gelatin, is this true?"
1348,
1349,
1350,"Product image states marine collagen, but the label under hair, skin, nails and joints mentions â€˜pure hydrolysed bovine collagenâ€™."
1351,See all 2 answers
1352,
1353,
1354,Is this marine collagen from farmed fish or wild caught and from what waters?
1355,
1356,
1357,Did you notice any antiaging effects on your skin?
1358,See all 3 answers
1359,
1360,
1361,Taking 2 tablespoons a da6 how long does a tub last?
1362,See all 2 answers
1363,
1364,
1365,How much protein per serving please ?
1366,See all 2 answers
1367,"Deliver to
Spain"
1368,"Deliver to
Spain"
1369,
1370,
1371,
1372,
1373,
1374,
1375,
1376,
1377,
1378,
1379,
1380,
1381,
1382,
1383,
1384,"            Most Helpful first
            Newest First
          "
1385,Most Helpful first
1386,
1387,
1388,What's the difference between this marine collagen and your bovine collagen?
1389,See all 3 answers
1390,
1391,
1392,"Hiya, I was wondering if your lively company had a direct website? That might offer a promotional code for a forst time buyer or such? thnx"
1393,
1394,
1395,Is this type 1&3?
1396,See all 3 answers
1397,
1398,
1399,"how much is 13 grams? teaspoons, tablespoons?"
1400,See all 6 answers
1401,
1402,
1403,Where is this manufactured?
1404,See all 3 answers
1405,
1406,
1407,In the future would you be able to source the collagen from the UK?
1408,
1409,
1410,Please tell me the expiry date after open?
1411,See all 4 answers
1412,
1413,
1414,Where is the scoop
1415,See all 3 answers
1416,
1417,
1418,Which tub is best the blue or pink Iâ€™m confused
1419,See all 2 answers
1420,
1421,
1422,does it have mercury
1423,"Deliver to
Spain"
1424,"Deliver to
Spain"
1425,
1426,
1427,
1428,
1429,
1430,
1431,
1432,
1433,
1434,
1435,
1436,
1437,
1438,
1439,
1440,"            Most Helpful first
            Newest First
          "
1441,Most Helpful first
1442,
1443,
1444,If it's marine collagen why is this product not suited for vegeterians?
1445,See all 4 answers
1446,
1447,
1448,How many mg of collagen does this product contain?
1449,See all 4 answers
1450,
1451,
1452,Doesnâ€™t this product taste of fish
1453,See all 5 answers
1454,
1455,
1456,What is the colour of the powder pls?
1457,See all 4 answers
1458,
1459,
1460,"Hi, does this get mixed with water and what measurement?"
1461,See all 7 answers
1462,
1463,
1464,what is the ratio of type 1 and type 3 collagen in this product please? is it 50/50?
1465,See all 3 answers
1466,
1467,
1468,"Hi, can anyone from edible health tell me which type of collagen this contains please? as in type 1,2 or 3? thank you!"
1469,
1470,
1471,Hi is this 100% halal? Please cuz im looking for halal keto collagen but cant find anywhere! Does it say halal lable on the tub please? Thanks
1472,See all 3 answers
1473,
1474,
1475,Is marine collagen good for joints especially knees and hands.
1476,
1477,
1478,Are you using farmed raised fish?
1479,See all 2 answers
1480,"Deliver to
Spain"
1481,"Deliver to
Spain"
1482,
1483,
1484,
1485,
1486,
1487,
1488,
1489,
1490,
1491,
1492,
1493,
1494,
1495,
1496,
1497,"            Most Helpful first
            Newest First
          "
1498,Most Helpful first
1499,
1500,
1501,"I canâ€™t find your bovine hydrolysed collagen protein powder, do you no longer sell this?"
1502,
1503,
1504,My partner and I are 60 + years which would be the best collagen product to use ?
1505,See all 5 answers
1506,
1507,
1508,"Hi, are the fish by-products from sustainable sources? Can you be sure that no shark or other engangered species have been used in the process?"
1509,See all 2 answers
1510,
1511,
1512,Bovine or marine for plumping sagging skin
1513,
1514,
1515,"What a joke, pangasius isn't kosher. Take that kosher label off now, or is it a false kashrut advertising authority?"
1516,
1517,
1518,Is the marine collagen certified as safe by eu and us standards??
1519,See all 2 answers
1520,
1521,
1522,"how much is 13 grams? teaspoons, tablespoons?"
1523,See all 4 answers
1524,
1525,
1526,"It says 13g is 2 level tablespoons, but 10g is the equivant of 2 teaspoons so is it a printing error?"
1527,See all 5 answers
1528,
1529,
1530,Can this help with arthritis
1531,See all 2 answers
1532,
1533,
1534,"Why do you label this product as ""halal""? How is this even possible with fish? Is each fish killed individually inflicting pain and suffering?"
1535,"Deliver to
Spain"
1536,"Deliver to
Spain"
1537,
1538,
1539,
1540,
1541,
1542,
1543,
1544,
1545,
1546,
1547,
1548,
1549,
1550,
1551,
1552,"            Most Helpful first
            Newest First
          "
1553,Most Helpful first
1554,
1555,
1556,Does this come in a sachet like a refill pack?
1557,See all 6 answers
1558,
1559,
1560,Can you use this as a post workout protein or in addition to standard protein powders?
1561,See all 3 answers
1562,
1563,
1564,"Does you product contain types 1,2,3,5 and10"
1565,See all 2 answers
1566,
1567,
1568,Is this organic certified?
1569,See all 3 answers
1570,
1571,
1572,Can this be added to coffee
1573,See all 6 answers
1574,
1575,
1576,How big is this pack? 400ml?
1577,See all 2 answers
1578,
1579,
1580,And what fish exactly is it obtained from ?
1581,
1582,
1583,"Confused as to how much (mg) marine collagen peptides are in each serving. I see the answer below about sodium,moisture etc. Seller please provide"
1584,
1585,
1586,"Out of 100g, 90g are protein. What about the rest 10g? Salt is only a tiny bit, meaning that there are mysterious 9.4g somewhere. Where?"
1587,
1588,
1589,I have read science reports that collagen supplementation is bad for the heart and raises blood pressure. Is this correct?
1590,See all 2 answers
1591,"Deliver to
Spain"
1592,"Deliver to
Spain"
1593,
1594,
1595,
1596,
1597,
1598,
1599,
1600,
1601,
1602,
1603,
1604,
1605,
1606,
1607,
1608,"            Most Helpful first
            Newest First
          "
1609,Most Helpful first
1610,
1611,
1612,"Why has this product shot up in price? This is now Â£10 dearer than when i bought it in May, just 3 weeks ago"
1613,
1614,
1615,Is this product mercury free
1616,See all 3 answers
1617,
1618,
1619,How long does this packet last?
1620,See all 6 answers
1621,
1622,
1623,Can I see a list of active ingredients please? How does this product compare with rejuvinated collagen shots? Tx
1624,See all 2 answers
1625,
1626,
1627,Can I mix this collagen with the collagen that is just for the gut
1628,See all 3 answers
1629,
1630,
1631,How do u measure out the correct amount????
1632,See all 2 answers
1633,
1634,
1635,"Had some torn cartilage removed in my knee 10 years ago and use flexiseq daily but would this help in addition to the gel, can cartilage be repaired?"
1636,See all 4 answers
1637,
1638,
1639,100g trial included or just picture?
1640,See all 5 answers
1641,
1642,
1643,How long does it take to work ?
1644,
1645,
1646,"Most collagen supplements are 1000mg or 2000mg per day. 13,000 seems a huge dose. I'm confused why all the other brands are recommending so much less."
1647,See all 3 answers
1648,"Deliver to
Spain"
1649,"Deliver to
Spain"
1650,
1651,
1652,
1653,
1654,
1655,
1656,
1657,
1658,
1659,
1660,
1661,
1662,
1663,
1664,
1665,"            Most Helpful first
            Newest First
          "
1666,Most Helpful first
1667,
1668,
1669,Does this product contain 13000 mg of collagen per one serving?
1670,See all 3 answers
1671,
1672,
1673,Are the farmed fish injected with any substances and what are the farmed fish fed ?
1674,See all 3 answers
1675,
1676,
1677,"Hi, is this Marine Collagen good for skin, hair and nails? Thank you."
1678,See all 2 answers
1679,
1680,
1681,Hi whats the difference between marine or bovine?
1682,See all 8 answers
1683,
1684,
1685,"What benifits is there using marine,compared to bovine ???"
1686,
1687,
1688,To theEdible health team..why is aspartic acid in your product. I know it's one of the ingredients that make up phenylalanine
1689,
1690,
1691,My skin is so dry itâ€™s splitting. How long does this take to work. And does it work ?
1692,See all 3 answers
1693,
1694,
1695,Hi can this product help hair to regrow or to grow faster?
1696,See all 3 answers
1697,
1698,
1699,"Hi, is it possible to buy a smaller pack for a trial? Not sure if will like the taste of 2 tablespoon in my tea/coffee. Many thanks"
1700,
1701,
1702,Is this marine collagen from farmed fish or wild caught and from what waters?
1703,See all 2 answers
1704,"Deliver to
Spain"
1705,"Deliver to
Spain"
1706,
1707,
1708,
1709,
1710,
1711,
1712,
1713,
1714,
1715,
1716,
1717,
1718,
1719,
1720,
1721,"            Most Helpful first
            Newest First
          "
1722,Most Helpful first
1723,
1724,
1725,Is the manufacturar able to let me know what the kilodalton of this product is? Thanks
1726,
1727,
1728,Is this product capsules or powder?
1729,See all 9 answers
1730,
1731,
1732,Is it possible for you to ship this to Ireland? I love this product.
1733,
1734,
1735,Does this contain vitamin C? I've read that vitamin C helps absorption and it is best to find supplements with it.
1736,See all 4 answers
1737,
1738,
1739,Please confirm if its type 1 or type 3. Also is it hydrolyzed?
1740,See all 2 answers
1741,
1742,
1743,Received this product today on removing lid was an awful smell is this normal???
1744,See all 7 answers
1745,
1746,
1747,"The product seams to have bitter taste, has this been the case for anybody else?"
1748,See all 6 answers
1749,"Deliver to
Spain"
1750,"Deliver to
Spain"
1751,
1752,
1753,
1754,
1755,
1756,
1757,
1758,
1759,
1760,
1761,
1762,
1763,
1764,
1765,
1766,"            Most Helpful first
            Newest First
          "
1767,Most Helpful first
1768,
1769,
1770,Can vitamin C actually increase collagen production?
1771,
1772,
1773,How is the fish out sourced? What is its origin? I see this was a previous question which has never been answered
1774,
1775,
1776,Why type of fish was used?
1777,
1778,
1779,is arsenic in this?
1780,See all 3 answers
1781,
1782,
1783,Is there any shellfish in this product?
1784,
1785,
1786,Is there a fishy aftertaste or fishy when you burp?
1787,See all 2 answers
1788,
1789,
1790,How the fish is sourced? Wild or farm? And where? If you don't know - ignore question
1791,
1792,
1793,How long do these keep for? What sort of use by is general for them?
1794,
1795,
1796,"is it 100% Free from antibiotics, hormones, additives, excipients, dairy, nuts, chemicals, preservatives, fat/trans-fatty acids, sweeteners, etc?"
1797,See all 2 answers
1798,
1799,
1800,This collagen it's made in europe to british standards. but this product made from which country exactly?
1801,"Deliver to
Spain"
1802,"Deliver to
Spain"
1803,
1804,
1805,
1806,
1807,
1808,
1809,
1810,
1811,
1812,
1813,
1814,
1815,
1816,
1817,
1818,"            Most Helpful first
            Newest First
          "
1819,Most Helpful first
1820,
1821,
1822,Does this product have mercury in it
1823,
1824,
1825,"Hi, is your marine collagen hydrolyzed?"
1826,
1827,
1828,I paid for next day delivery and i was just informed that there was a failed deliver. I have a parcel box and 5 people in my house. No one knocked. F
1829,
1830,
1831,How many of callogen in one capsule?
1832,
1833,
1834,Are SuperSelf collagen tablets vegan? Can collagen be vegan at all???
1835,
1836,
1837,"Hi, Where is fish sourced from? Farmed or wild caught?"
1838,
1839,
1840,Does it continue gelatine?
1841,See all 3 answers
1842,
1843,
1844,"Is this collagen type 1,2 or 3?"
1845,
1846,
1847,Hiya does product contains any vitamins please?
1848,
1849,
1850,Does this product contain soy?
1851,See all 3 answers
1852,"Deliver to
Spain"
1853,"Deliver to
Spain"
1854,
1855,
1856,
1857,
1858,
1859,
1860,
1861,
1862,
1863,
1864,
1865,
1866,
1867,
1868,
1869,"            Most Helpful first
            Newest First
          "
1870,Most Helpful first
1871,
1872,
1873,Are they Animal gelatin. Capsules coated?
1874,
1875,
1876,Is it ok to store these in the fridge or what do you recommend?
1877,
1878,
1879,Is this supplement responsibly sourced?
1880,See all 2 answers
1881,
1882,
1883,any heavy metals in this like lead?
1884,See all 3 answers
1885,
1886,
1887,"Hi , would like to know in mg the content of hyaluronic acid ."
1888,See all 3 answers
1889,
1890,
1891,Does this product contain iodine?
1892,See all 3 answers
1893,
1894,
1895,What fish?
1896,See all 3 answers
1897,
1898,
1899,"after how long do you see improvements in the skin, hair and the rest?"
1900,See all 2 answers
1901,
1902,
1903,Are your collagen tablets as good as powder?
1904,
1905,
1906,Which country is this manufactured in?
1907,See all 2 answers
1908,"Deliver to
Spain"
1909,"Deliver to
Spain"
1910,
1911,
1912,
1913,
1914,
1915,
1916,
1917,
1918,
1919,
1920,
1921,
1922,
1923,
1924,
1925,"            Most Helpful first
            Newest First
          "
1926,Most Helpful first
1927,
1928,
1929,It says that your collagen is marine. Can it be absorbed better than bovine collagen?
1930,
1931,
1932,Are your collagen tablets as good as powder?
1933,
1934,
1935,What is inside your capsules? Is it collagen peptides / powder?
1936,
1937,
1938,Is anyone else suffering heartburn ?
1939,See all 4 answers
1940,
1941,
1942,Amount of vit c and ha per caps please?
1943,See all 3 answers
1944,
1945,
1946,What is your collagen made of?
1947,
1948,
1949,"Is this suitable for breastfeeding mothers, if not could you explain why? Thank you x"
1950,
1951,
1952,Delivery left at front door not safe leave at rear door
1953,
1954,
1955,Does the product have mercury in it ?
1956,See all 2 answers
1957,
1958,
1959,What type of fish please?
1960,See all 2 answers
1961,"Deliver to
Spain"
1962,"Deliver to
Spain"
1963,
1964,
1965,
1966,
1967,
1968,
1969,
1970,
1971,
1972,
1973,
1974,
1975,
1976,
1977,
1978,"            Most Helpful first
            Newest First
          "
1979,Most Helpful first
1980,
1981,
1982,Is this kosher/halal as donâ€™t want if so?
1983,See all 2 answers
1984,
1985,
1986,Does this product help with loose skin after weight loss?
1987,
1988,
1989,Does this product even work if so what does it help with?
1990,See all 4 answers
1991,"Deliver to
Spain"
1992,"Deliver to
Spain"
1993,
1994,
1995,
1996,
1997,
1998,
1999,
2000,
2001,
2002,
2003,
2004,
2005,
2006,
2007,
2008,"            Most Helpful first
            Newest First
          "
2009,Most Helpful first
2010,
2011,
2012,Which types of collagen this product comprised?
2013,
2014,
2015,Where is my order it should have been delivered on the 04/12/20? I have tried to track it with royal mail but they have no information.
2016,
2017,
2018,Can this be used whilst breastfeeding?
2019,See all 3 answers
2020,
2021,
2022,What type of geletine does this product contain please?
2023,
2024,
2025,What gelatine are the capsules made from ?
2026,
2027,
2028,Does it help with joint repair
2029,
2030,
2031,How many MG oer tablet?
2032,
2033,
2034,How can i contact the seller please? the seal was broken when i received the vitamins and the bottle looked in a very bad state. thanks
2035,
2036,
2037,Why is there an offer on these if you buy more than one but it wont allow me to add more than one bottle?
2038,
2039,
2040,Is the gelatin the capsules are made from bovine or pork?
2041,"Deliver to
Spain"
2042,"Deliver to
Spain"
2043,
2044,
2045,
2046,
2047,
2048,
2049,
2050,
2051,
2052,
2053,
2054,
2055,
2056,
2057,
2058,"            Most Helpful first
            Newest First
          "
2059,Most Helpful first
2060,
2061,
2062,Could someone please confirm how many capsules are in the pack and for how many days? A few reviewers mentioned there are 90 capsules instead of 120?
2063,See all 5 answers
2064,
2065,
2066,I appear to have a metalic taste since starting taking these. Is this common?
2067,See all 5 answers
2068,
2069,
2070,I can't place 2 packages in one order even after applying promotion code for 'discount when buy 2'. When I check I get 'only restricted to 1 pack per
2071,
2072,
2073,Dairy & Gluten free?
2074,See all 2 answers
2075,
2076,
2077,Whats the nutritional information? As in protein etc
2078,
2079,
2080,Is it halal please??
2081,
2082,
2083,What fish and gelatin? I require kosher.
2084,
2085,
2086,Does this product help hair growth
2087,See all 4 answers
2088,
2089,
2090,Is this product cruelty free?
2091,"Deliver to
Spain"
2092,"Deliver to
Spain"
2093,
2094,
2095,
2096,
2097,
2098,
2099,
2100,
2101,
2102,
2103,
2104,
2105,
2106,
2107,
2108,"            Most Helpful first
            Newest First
          "
2109,Most Helpful first
2110,
2111,
2112,Does it help with wrinkles /fine lines?
2113,
2114,
2115,Anyone knows when this product will be back in stock?
2116,
2117,
2118,"Hello, is your production and ingredients IO certified? Thanks"
2119,
2120,
2121,Why can't I buy more than one bottle?
2122,See all 2 answers
2123,
2124,
2125,Can you add a subscribe function so I can subscribe. Thank you.
2126,
2127,
2128,Is this suitable for vegetarian
2129,See all 2 answers
2130,
2131,
2132,Does the marine collagen comes from Japanese waters please
2133,
2134,
2135,What is the capsule made of?
2136,
2137,
2138,Any idea when this will be back in stock? X
2139,
2140,
2141,Hi! is this product gmp certified?
2142,"Deliver to
Spain"
2143,"Deliver to
Spain"
2144,
2145,
2146,
2147,
2148,
2149,
2150,
2151,
2152,
2153,
2154,
2155,
2156,
2157,
2158,
2159,"            Most Helpful first
            Newest First
          "
2160,Most Helpful first
2161,
2162,
2163,"Does this product have peptides, amino acids in."
2164,
2165,
2166,Hi my hair is getting thin on top will this supplement make my hair grow back ???
2167,See all 3 answers
2168,
2169,
2170,Is this keto friendly?
2171,
2172,
2173,Does this contain shellfish?
2174,See all 3 answers
2175,
2176,
2177,"What is the 1400mg of? The ingredients say 1000mg of marine collagen? Even if you add up the mg of the other ingredients, it doesn't add to 1400?"
2178,See all 2 answers
2179,
2180,
2181,Is it good to take it in your 20â€™s?
2182,
2183,
2184,Is there an after fishy taste when you take these?
2185,See all 7 answers
2186,
2187,
2188,"Hi, is this normal that this product doesn't have any security seal on the lid"
2189,See all 6 answers
2190,
2191,
2192,Why is the price different when it goes into basket
2193,
2194,
2195,Do they contain carbohydrates if so how much
2196,"Deliver to
Spain"
2197,"Deliver to
Spain"
2198,
2199,
2200,
2201,
2202,
2203,
2204,
2205,
2206,
2207,
2208,
2209,
2210,
2211,
2212,
2213,"            Most Helpful first
            Newest First
          "
2214,Most Helpful first
2215,
2216,
2217,I buy now this product colagen but i want to know when it come my order i receive two or what?
2218,
2219,
2220,Does this include collagen from crustaceans?
2221,
2222,
2223,Does it help with wrinkles ?
2224,See all 4 answers
2225,
2226,
2227,"Hi, what is the expiry date?"
2228,
2229,
2230,How long does it take to notice results
2231,
2232,
2233,In what way do these tablets help your skin?
2234,
2235,
2236,How many calories are in it?
2237,
2238,
2239,Hi does this product really only have 2g of collagen in it per serving? it that no way below the recommendation? thanks.
2240,
2241,
2242,Is it 1400 per tablet or 1400 in total (per day)
2243,
2244,
2245,Does it contain copper sulfate?
2246,See all 2 answers
2247,"Deliver to
Spain"
2248,"Deliver to
Spain"
2249,
2250,
2251,
2252,
2253,
2254,
2255,
2256,
2257,
2258,
2259,
2260,
2261,
2262,
2263,
2264,"            Most Helpful first
            Newest First
          "
2265,Most Helpful first
2266,
2267,
2268,When will this product be back in stock?
2269,
2270,
2271,What do the capsules look like? Are they mainly yellow with little flecks of green and brown bits in?
2272,
2273,
2274,Does this product contain molluscs?
2275,
2276,
2277,Are they suitable for vegetarians
2278,See all 3 answers
2279,
2280,
2281,How much collagen contains is in a daily intake?
2282,See all 2 answers
2283,
2284,
2285,What hyaluronic acid content is in each dose and capsule?
2286,
2287,
2288,The pretty smart collegen i would like to know thd percentage of collegen an vitamins ect
2289,
2290,
2291,Is this product certified?
2292,
2293,
2294,How much collagen is in each capsule?
2295,See all 3 answers
2296,
2297,
2298,Are these any good?
2299,See all 3 answers
2300,"Deliver to
Spain"
2301,"Deliver to
Spain"
2302,
2303,
2304,
2305,
2306,
2307,
2308,
2309,
2310,
2311,
2312,
2313,
2314,
2315,
2316,
2317,"            Most Helpful first
            Newest First
          "
2318,Most Helpful first
2319,
2320,
2321,Does it help with wrinkles ?
2322,See all 3 answers
2323,
2324,
2325,What does this help with?
2326,See all 3 answers
2327,
2328,
2329,How many carbs does each capsule contain
2330,See all 3 answers
2331,
2332,
2333,Do these contain geletine?
2334,See all 3 answers
2335,
2336,
2337,My bottle has No security seal under the lid
2338,See all 2 answers
2339,
2340,
2341,Does it help with hair fall / hair growth?
2342,
2343,
2344,Would you find mercury content in these?
2345,
2346,
2347,Will it help dry frizzy hair?
2348,
2349,
2350,What is the source of your vitamins and minerals please?
2351,
2352,
2353,Do these have any other animal products in there apart from fish?
2354,See all 4 answers
2355,"Deliver to
Spain"
2356,"Deliver to
Spain"
2357,
2358,
2359,
2360,
2361,
2362,
2363,
2364,
2365,
2366,
2367,
2368,
2369,
2370,
2371,
2372,"            Most Helpful first
            Newest First
          "
2373,Most Helpful first
2374,
2375,
2376,Does this help with bone density
2377,
2378,
2379,How much turmeric in these capsules?
2380,See all 4 answers
2381,
2382,
2383,Is it halal?
2384,
2385,
2386,Any prawns / shell fish in this ?
2387,See all 2 answers
2388,
2389,
2390,Can you provide a list of the amino acids which this product contains?
2391,See all 2 answers
2392,
2393,
2394,Hi. Is this Halal??
2395,See all 2 answers
2396,
2397,
2398,Ahem.. Which fish?
2399,See all 2 answers
2400,
2401,
2402,Is this for breastfeeding woman ?
2403,
2404,
2405,Could you tell me please how many mg of hyaluronic acid on it
2406,
2407,
2408,Is this glutenfree
2409,See all 5 answers
2410,"Deliver to
Spain"
2411,"Deliver to
Spain"
2412,
2413,
2414,
2415,
2416,
2417,
2418,
2419,
2420,
2421,
2422,
2423,
2424,
2425,
2426,
2427,"            Most Helpful first
            Newest First
          "
2428,Most Helpful first
2429,
2430,
2431,Do these get rid of eye bags and dark circles
2432,See all 2 answers
2433,
2434,
2435,Does it contain any caffeine?
2436,
2437,
2438,What does this do? Will this make me look like a gladiator?
2439,See all 3 answers
2440,
2441,
2442,"What type of collagen has been used? i, ii, iii, iv, v or combinations of the above?"
2443,
2444,
2445,Hi there hope you are well .. please could you list a breakdown of mg dosage for each ingredient? Thanks ðŸ˜Š
2446,
2447,
2448,Is the Collagen from fish skin and not just scales?
2449,
2450,
2451,Please explain the price rise. Purchased in May for Â£13.59 now Â£17.99
2452,
2453,
2454,How much biotin is in this?
2455,
2456,
2457,"Why does it say 1400mg on the bottle but ingredients say 1,000mg?"
2458,See all 5 answers
2459,
2460,
2461,This only contains 1000mg of Collagen... The other collagen supplements contain 20g. Is this even enough to make a difference..
2462,See all 2 answers
2463,"Deliver to
Spain"
2464,"Deliver to
Spain"
2465,
2466,
2467,
2468,
2469,
2470,
2471,
2472,
2473,
2474,
2475,
2476,
2477,
2478,
2479,
2480,"            Most Helpful first
            Newest First
          "
2481,Most Helpful first
2482,
2483,
2484,I just received my 3rd bottle and I canâ€™t help but notice that the capsules are different. They donâ€™t have the same yellow colour (from the tumeric)?
2485,See all 3 answers
2486,
2487,
2488,Does it help with lose skin on tummy after weight loss
2489,
2490,
2491,"Looking at articles on which collagen supplement to choose they suggest one without copper sulphate, yours has copper glauconate. Is that the same?"
2492,See all 2 answers
2493,
2494,
2495,Is the bottle plastic or glass?
2496,See all 6 answers
2497,
2498,
2499,Help to lose weight
2500,
2501,
2502,Im 59 and my face is going south lol sagging skin do these work
2503,See all 5 answers
2504,
2505,
2506,Does this mean I can stop using the collagen Marine cream on my face
2507,See all 2 answers
2508,
2509,
2510,Is all your supplements only a 6 month supply ?
2511,
2512,
2513,Can I continue taking B2 and Turmeric with this product
2514,See all 3 answers
2515,
2516,
2517,Has it been tested on animals?
2518,See all 2 answers
2519,"Deliver to
Spain"
2520,"Deliver to
Spain"
2521,
2522,
2523,
2524,
2525,
2526,
2527,
2528,
2529,
2530,
2531,
2532,
2533,
2534,
2535,
2536,"            Most Helpful first
            Newest First
          "
2537,Most Helpful first
2538,
2539,
2540,Does this product contain Arsenic
2541,See all 2 answers
2542,"Deliver to
Spain"
2543,"Deliver to
Spain"
2544,
2545,
2546,
2547,
2548,
2549,
2550,
2551,
2552,
2553,
2554,
2555,
2556,
2557,
2558,
2559,"            Most Helpful first
            Newest First
          "
2560,Most Helpful first
2561,
2562,
2563,Keto friendly?
2564,
2565,
2566,Can I take Multivitamins Along side this?
2567,See all 2 answers
2568,
2569,
2570,Anyone has noticed any improvement with wrinkles?
2571,
2572,
2573,Is it lactose free?
2574,
2575,
2576,Is it suitable for vegans?
2577,See all 3 answers
2578,
2579,
2580,How much collagen in each capsule ?
2581,
2582,
2583,What is the measurement of vitamin D per tablet please?
2584,
2585,
2586,Is they any Side affects?
2587,
2588,
2589,Can this potentially fade my tattoos?
2590,See all 2 answers
2591,
2592,
2593,"Are these vegetarian? They dont seem to commit,! Thanks"
2594,See all 4 answers
2595,"Deliver to
Spain"
2596,"Deliver to
Spain"
2597,
2598,
2599,
2600,
2601,
2602,
2603,
2604,
2605,
2606,
2607,
2608,
2609,
2610,
2611,
2612,"            Most Helpful first
            Newest First
          "
2613,Most Helpful first
2614,
2615,
2616,Hi is this Bovine or Marine Collagen?
2617,See all 2 answers
2618,
2619,
2620,Is this marine collagen or bovine?
2621,
2622,
2623,Is this keto friendly?
2624,See all 2 answers
2625,
2626,
2627,Ingredients.. normally thereâ€™s a bulking agent or a preservative.. and the ingredients of the coating or shell of tablet but in theses it seems not??
2628,
2629,
2630,How much of each ingredient in each capsule please? Would this product help the bones and gum tissues in the mouth at all?
2631,
2632,
2633,How many mgâ€™s of Q10 are in this capsules please?
2634,See all 2 answers
2635,
2636,
2637,Is this suitable for vegetarians please or more specifically halal friendly
2638,See all 2 answers
2639,"Deliver to
Spain"
2640,"Deliver to
Spain"
2641,
2642,
2643,
2644,
2645,
2646,
2647,
2648,
2649,
2650,
2651,
2652,
2653,
2654,
2655,
2656,"            Most Helpful first
            Newest First
          "
2657,Most Helpful first
2658,
2659,
2660,Does it help with wrinkles?any skin benefits noticed?
2661,See all 4 answers
2662,
2663,
2664,On the third photo if you make it larger (zoom in) it states lactose free. In the description it states milk as an allergen. How is it possible?
2665,See all 2 answers
2666,
2667,
2668,Is it halal
2669,See all 2 answers
2670,
2671,
2672,It says lactose free but also states milk as an allergen. How is that possible?
2673,
2674,
2675,When will you have more of this product please?
2676,
2677,
2678,Does anyone know the protein content of each capsuel please? There is nothing specified on the bottle or in the listing. Many thanks
2679,
2680,
2681,does this contain any land animal contents?
2682,See all 2 answers
2683,
2684,
2685,"It says vitamin E, what kind is it. There are four types of vit E"
2686,
2687,
2688,Does this help indented acne scars?
2689,See all 2 answers
2690,
2691,
2692,Is this product tested on animals?
2693,"Deliver to
Spain"
2694,"Deliver to
Spain"
2695,
2696,
2697,
2698,
2699,
2700,
2701,
2702,
2703,
2704,
2705,
2706,
2707,
2708,
2709,
2710,"            Most Helpful first
            Newest First
          "
2711,Most Helpful first
2712,
2713,
2714,"Hi, it is great product, but why does the price jump so much- 8.99, 9.99, 11,99 14,99, back to 11,99 probably next month etc?"
2715,
2716,
2717,Does this have shellfish ingredients?
2718,
2719,
2720,"What fish, seller please respond"
2721,
2722,
2723,How much Collagen in each capsule? Is 1000 mg daily dose or each tablet?
2724,See all 6 answers
2725,
2726,
2727,"What fish please, I have dietary requirements."
2728,
2729,
2730,Is this type 1 & 3 collagen or just type 1? It says in your title type 1 & 3 yet on your label it only says type 1.
2731,See all 2 answers
2732,
2733,
2734,I ordered this over a week ago it says delivery was attempted but was not where is my order!!!
2735,
2736,
2737,Does it help with wrinkles?any skin benefits noticed?
2738,
2739,
2740,is this suppliment for women and men?
2741,See all 2 answers
2742,
2743,
2744,Has anyone noticed any improvements in their joints after using these?
2745,See all 4 answers
2746,"Deliver to
Spain"
2747,"Deliver to
Spain"
2748,
2749,
2750,
2751,
2752,
2753,
2754,
2755,
2756,
2757,
2758,
2759,
2760,
2761,
2762,
2763,"            Most Helpful first
            Newest First
          "
2764,Most Helpful first
2765,
2766,
2767,Why does the product contain copper sulfate?
2768,See all 2 answers
2769,
2770,
2771,What type of fish does this contain?
2772,See all 2 answers
2773,
2774,
2775,Is this Naticol Collagen?
2776,See all 2 answers
2777,
2778,
2779,Did you notice any antiaging effects on your skin?
2780,See all 2 answers
2781,
2782,
2783,What is the benefits of this vitamin supplements
2784,
2785,
2786,Where are your ingredients sourced from?
2787,See all 4 answers
2788,
2789,
2790,"I donâ€™t receive my order, whatâ€™s do know ?"
2791,
2792,
2793,Do you test for heavy metals?
2794,
2795,
2796,Are these Gluten free and vegan?
2797,"Deliver to
Spain"
2798,"Deliver to
Spain"
2799,
2800,
2801,
2802,
2803,
2804,
2805,
2806,
2807,
2808,
2809,
2810,
2811,
2812,
2813,
2814,"            Most Helpful first
            Newest First
          "
2815,Most Helpful first
2816,
2817,
2818,What type of collagen is in this
2819,
2820,
2821,"M very confused about this product,I watched all vdio they show animal pic (cow) bt they show bushes on box why ?"
2822,See all 3 answers
2823,
2824,
2825,silly question perhaps: iseach serving 20g? Is there a scoop/
2826,See all 2 answers
2827,
2828,
2829,Why can't it ship to Ireland?
2830,
2831,
2832,Does collagen cause weight gain? I am trying to lose weight and donâ€™t want any weight gain. Thanks.
2833,
2834,
2835,Is this a dupe? Heard there were many fakes out there. Thanks ðŸ˜Š
2836,
2837,
2838,So someone said below product is under review? Is this true? And if so why? Should it be sold if this the case
2839,
2840,
2841,If this does have a flavour or odour can I return it? I bought the marine collagen powder and found it has a fishy back taste/odour. Ugh!
2842,
2843,
2844,Is this collagen powder kosher/ halal
2845,
2846,
2847,Is it vegan
2848,See all 3 answers
2849,"Deliver to
Spain"
2850,"Deliver to
Spain"
2851,
2852,
2853,
2854,
2855,
2856,
2857,
2858,
2859,
2860,
2861,
2862,
2863,
2864,
2865,
2866,"            Most Helpful first
            Newest First
          "
2867,Most Helpful first
2868,
2869,
2870,I ordered this product on may 7 snd its on its way to me. I see now this product is under review. I dont want to use it before I kniw why?
2871,
2872,
2873,Is this Halal?
2874,
2875,
2876,"Is this type 1,2 or 3 collagen?"
2877,See all 2 answers
2878,
2879,
2880,How many calories are in a scoop please? I need to track my calories!!
2881,See all 3 answers
2882,
2883,
2884,Is this suitable for vegetarian?
2885,See all 3 answers
2886,
2887,
2888,How many servings?
2889,
2890,
2891,Is this product carbohydrate free?
2892,
2893,
2894,Does this help with hair loss and help the hair grow back
2895,
2896,
2897,Does it do any thing for hair loss and growth?
2898,
2899,
2900,Does it whiten coffee like a creamer
2901,See all 3 answers
2902,"Deliver to
Spain"
2903,"Deliver to
Spain"
2904,
2905,
2906,
2907,
2908,
2909,
2910,
2911,
2912,
2913,
2914,
2915,
2916,
2917,
2918,
2919,"            Most Helpful first
            Newest First
          "
2920,Most Helpful first
2921,
2922,
2923,Is this product halal/kosher?
2924,
2925,
2926,Can you please confirm whether there are any sugar or calories in this product? Thanks
2927,See all 2 answers
2928,
2929,
2930,Is this product halal?
2931,
2932,
2933,Can this be sprinkled on cereal?
2934,See all 2 answers
2935,
2936,
2937,"What type of clanged is this? 1, 2 or 3?"
2938,See all 2 answers
2939,
2940,
2941,Is this halal
2942,
2943,
2944,I have bought this product before 2 months and I would like to buy it again but now I cannot written can not send it to Denmark can you tell my why
2945,
2946,
2947,Is this suitable for vegetarians?
2948,
2949,
2950,What print photo comes on this box bush or cow pls clear my confusion
2951,
2952,
2953,Iâ€™m in my forties am I too late to see results?
2954,See all 3 answers
2955,"Deliver to
Spain"
2956,"Deliver to
Spain"
2957,
2958,
2959,
2960,
2961,
2962,
2963,
2964,
2965,
2966,
2967,
2968,
2969,
2970,
2971,
2972,"            Most Helpful first
            Newest First
          "
2973,Most Helpful first
2974,
2975,
2976,Has this product been tested by a 3rd party company?
2977,See all 2 answers
2978,
2979,
2980,Is there a vegetarian option?
2981,See all 4 answers
2982,
2983,
2984,How do I Cancel this
2985,
2986,
2987,I wanted to know if this is halal
2988,
2989,
2990,The packaging of this product is slightly different than what they have on their website. Is there a reason for that?
2991,
2992,
2993,how is collagen content so high?
2994,
2995,
2996,Does it contain glycine
2997,
2998,
2999,there should be 9 amimo acids in this product? no list on container
3000,
3001,
3002,"Is this genuine? When ordered from the vital protiens site the packaging has an image of a cow, on here it is of grass. Is this the genuine product?"
3003,
3004,
3005,Can you advise if this is suitable when pregnant?
3006,"Deliver to
Spain"
3007,"Deliver to
Spain"
3008,
3009,
3010,
3011,
3012,
3013,
3014,
3015,
3016,
3017,
3018,
3019,
3020,
3021,
3022,
3023,"            Most Helpful first
            Newest First
          "
3024,Most Helpful first
3025,
3026,
3027,"Hello, Which country is the collagen sourced from? Regards, Les."
3028,
3029,
3030,Can you get this in tablet form ?
3031,
3032,
3033,what is the molecular weight in daltons?
3034,
3035,
3036,Is this product kosher/halal?
3037,See all 2 answers
3038,
3039,
3040,Is the collagen hydrolysed?
3041,
3042,
3043,"Hi, hoping someone can clarify the source of the collagen? Were the cattle grass fed, organic, antibiotic & hormone free etc. & what country? Thanks"
3044,
3045,
3046,is it gluten free and dairy free?
3047,
3048,
3049,amino acids?
3050,
3051,
3052,How long will this last
3053,
3054,
3055,Is this enough for a months supply?
3056,"Deliver to
Spain"
3057,"Deliver to
Spain"
3058,
3059,
3060,
3061,
3062,
3063,
3064,
3065,
3066,
3067,
3068,
3069,
3070,
3071,
3072,
3073,"            Most Helpful first
            Newest First
          "
3074,Most Helpful first
3075,
3076,
3077,"So, is one tub only 14 days worth at 2 scoops per day?"
3078,See all 2 answers
3079,
3080,
3081,"Why does the title say "" hydrolysed "" when the ingredient label on the bottle doesn't specify hydrolysed collagen?"
3082,
3083,
3084,Does collagen cause weight gis thisain? I am trying to lose weight and donâ€™t want any weight gain. Thanks.
3085,See all 6 answers
3086,
3087,
3088,"What is the source? Is it from free-range grass fed non hormone non antibiotic fed cows? Are the peptides hydrolysed? Title says yes, but not on box."
3089,
3090,
3091,Is this halal?
3092,"Deliver to
Spain"
3093,"Deliver to
Spain"
3094,
3095,
3096,
3097,
3098,
3099,
3100,
3101,
3102,
3103,
3104,
3105,
3106,
3107,
3108,
3109,"            Most Helpful first
            Newest First
          "
3110,Most Helpful first
3111,
3112,
3113,Why is this product come up when looking for vegan food supplements
3114,See all 6 answers
3115,
3116,
3117,If i I mix this in with coffee or hot water will the collagen lose most of its nutrients??
3118,See all 6 answers
3119,
3120,
3121,Can you tell us which Halal certified company supplies the bovine?
3122,See all 2 answers
3123,
3124,
3125,How many mg of bovine collage is there in a 13g portion please?
3126,See all 2 answers
3127,
3128,
3129,Is this from organic source?
3130,
3131,
3132,Can you please tell me if this is tested for heavy metals
3133,
3134,
3135,what is the molecular weight in daltons?
3136,
3137,
3138,Does this come from grass fed cattle?
3139,See all 5 answers
3140,
3141,
3142,What is the difference between taking this or using so body co
3143,
3144,
3145,Can i use this for soap making too?
3146,"Deliver to
Spain"
3147,"Deliver to
Spain"
3148,
3149,
3150,
3151,
3152,
3153,
3154,
3155,
3156,
3157,
3158,
3159,
3160,
3161,
3162,
3163,"            Most Helpful first
            Newest First
          "
3164,Most Helpful first
3165,
3166,
3167,Why is this missing type 2 collagen ??
3168,
3169,
3170,How often per day do you take the 2 tablespoons please??
3171,See all 4 answers
3172,
3173,
3174,On my 3rd tub of this and this last batch doesnâ€™t dissolve well. Why would that be?
3175,
3176,
3177,Wondering how many calories in a 13g serving? Calculating from the label: one 13g serving gives you about 47 calories
3178,
3179,
3180,Is this free from antibiotics and hormones
3181,
3182,
3183,Why as a one time purchase is it showing as Â£49.98 but in the listing it is Â£19.99?
3184,
3185,
3186,Is this better than Great Lakes version?
3187,
3188,
3189,Is the product both Kosher and Halal at the same time?
3190,See all 5 answers
3191,
3192,
3193,Is this the same as colostrum?
3194,See all 2 answers
3195,
3196,
3197,"Hi. I am currently back in my hometown, Malaysia. Will you able to do international shipping?"
3198,"Deliver to
Spain"
3199,"Deliver to
Spain"
3200,
3201,
3202,
3203,
3204,
3205,
3206,
3207,
3208,
3209,
3210,
3211,
3212,
3213,
3214,
3215,"            Most Helpful first
            Newest First
          "
3216,Most Helpful first
3217,
3218,
3219,Will this product improve skin elasticity and make skin firmer? Will it eliminate sagging skin?
3220,See all 2 answers
3221,
3222,
3223,"I notice that it contains no Type 2 collagen which is the only collagen that repairs joints, ligaments and tendons.is that correct ."
3224,See all 4 answers
3225,
3226,
3227,I have been using this for a week and my skin has suddenly got spotty. Is that normal? Will it get better?
3228,See all 2 answers
3229,
3230,
3231,Can I ask what batch there were problems with please?
3232,See all 5 answers
3233,
3234,
3235,How can it be halal and kosher as well?
3236,See all 2 answers
3237,
3238,
3239,How much collagen in a serving
3240,See all 5 answers
3241,
3242,
3243,Hi what is the expiry date on the collagen powder ? Thanks
3244,
3245,
3246,Is this the same as Colostrum ? I was sure wellgaurd sold colostrum powder now cant find it. Please help?
3247,See all 3 answers
3248,
3249,
3250,I am taking 4000 high strength vitamin d. If I take any more than this it is not ok. Does this contain any vitamin d at all?
3251,See all 5 answers
3252,
3253,
3254,"Is marine collagen powder more effective than bovine, it is more expensive?"
3255,See all 3 answers
3256,"Deliver to
Spain"
3257,"Deliver to
Spain"
3258,
3259,
3260,
3261,
3262,
3263,
3264,
3265,
3266,
3267,
3268,
3269,
3270,
3271,
3272,
3273,"            Most Helpful first
            Newest First
          "
3274,Most Helpful first
3275,
3276,
3277,The last 6 months have bought wellguard pure collagen and each month it was about Â£16.00+ a tub.i have gone to place repeat order it is now Â£19.99????
3278,See all 3 answers
3279,
3280,
3281,What proportions of the collagen types do you have? Iâ€™m looking at type 2 specifically.
3282,See all 2 answers
3283,
3284,
3285,Roughly how many servings are there per 400g container?
3286,See all 9 answers
3287,
3288,
3289,How much protein per 13g serving? I am confused as the label mentions 90g serving.
3290,
3291,
3292,When will this be back in stock?
3293,
3294,
3295,I'm looking to add collagen to my diet to plump skin and help it rejuvenate to reduce eczema scarring. Is this the right product for me?
3296,
3297,
3298,Does this product make you gain weight?
3299,See all 6 answers
3300,
3301,
3302,"Is this Wellgard collagen tested for heavy metals? It is not enough claims, evidence is needed. No answers is syntomatic."
3303,
3304,
3305,How long does it last?
3306,See all 9 answers
3307,
3308,
3309,Can men drink this too
3310,"Deliver to
Spain"
3311,"Deliver to
Spain"
3312,
3313,
3314,
3315,
3316,
3317,
3318,
3319,
3320,
3321,
3322,
3323,
3324,
3325,
3326,
3327,"            Most Helpful first
            Newest First
          "
3328,Most Helpful first
3329,
3330,
3331,How long does it take to work for skin ?
3332,See all 5 answers
3333,
3334,
3335,Does it work for Increasing muscle?
3336,See all 6 answers
3337,
3338,
3339,Does it work for Increasing muscle.. As whey protein?
3340,See all 3 answers
3341,
3342,
3343,can i dissolve it in suitable solvent and use it as a mask for hair or skin for treatment?
3344,
3345,
3346,Why does the ad say halal and then when you scroll down to the description it says not suitable for vegetarians?
3347,
3348,
3349,Does the packaging actually show its halal and kosher?
3350,
3351,
3352,A question for Wellgard Collagen please. How many calories are in 2 tablespoons?
3353,See all 4 answers
3354,
3355,
3356,Question to the manufacturer - is this made from cattle bred and reared in the UK?
3357,
3358,
3359,Is there a benefit to using this as part of a calorie controlled diet to help with elasticity in loose skin?
3360,See all 3 answers
3361,
3362,
3363,Can I use it externally for hair and skin
3364,See all 3 answers
3365,"Deliver to
Spain"
3366,"Deliver to
Spain"
3367,
3368,
3369,
3370,
3371,
3372,
3373,
3374,
3375,
3376,
3377,
3378,
3379,
3380,
3381,
3382,"            Most Helpful first
            Newest First
          "
3383,Most Helpful first
3384,
3385,
3386,Is there a benefit to using this as part of a calorie controlled diet to help with elasticity in loose skin?
3387,
3388,
3389,Can you take this on an empty stomach and how much do you dissolve in a liquid ?
3390,See all 3 answers
3391,
3392,
3393,Is this a bone broth?
3394,
3395,
3396,what is the mean molecular weight of this collagen please?
3397,
3398,
3399,Has anyone found this has caused weight gain?
3400,See all 4 answers
3401,
3402,
3403,Is this product gluten free?
3404,
3405,
3406,Does this come with Measurement spoon
3407,See all 10 answers
3408,
3409,
3410,Please can the manufacturer confirm if this product is halal or kosher. I would like to purchase but I do not eat animals slaughtered in this manner I
3411,See all 2 answers
3412,
3413,
3414,Is this safe for celiacs? Has it been made in a gluten free environment? Many thanks
3415,See all 2 answers
3416,
3417,
3418,Anyone else gets a growly tummy and ravenous hunger 30-60 minutes after taking this?
3419,"Deliver to
Spain"
3420,"Deliver to
Spain"
3421,
3422,
3423,
3424,
3425,
3426,
3427,
3428,
3429,
3430,
3431,
3432,
3433,
3434,
3435,
3436,"            Most Helpful first
            Newest First
          "
3437,Most Helpful first
3438,
3439,
3440,Is it keto friendly?
3441,See all 2 answers
3442,
3443,
3444,Are the cattle raised in uk and bse free?
3445,See all 2 answers
3446,
3447,
3448,Mine arrived with no inner paper seal at all as shown in customer pics. Is this normal?
3449,See all 4 answers
3450,
3451,
3452,Is it keto friendly?
3453,See all 3 answers
3454,
3455,
3456,How many mg collagen contains per serving?
3457,See all 2 answers
3458,
3459,
3460,How long does a 400g tub last ? It states 2 tabledpoons daily? So how long would the tub last?
3461,See all 3 answers
3462,
3463,
3464,Can i dissolve the power in any liquid suitable solvent and use it can i dissolve it in suitable solvent and as a musk for hair or skin for treatment?
3465,See all 3 answers
3466,
3467,
3468,Is this a bone broth?
3469,
3470,
3471,where is this product made? there is no information in their description.
3472,See all 2 answers
3473,
3474,
3475,"Did anybody use this to heal leaky gut? If yes, what changes did you notice?"
3476,See all 2 answers
3477,"Deliver to
Spain"
3478,"Deliver to
Spain"
3479,
3480,
3481,
3482,
3483,
3484,
3485,
3486,
3487,
3488,
3489,
3490,
3491,
3492,
3493,
3494,"            Most Helpful first
            Newest First
          "
3495,Most Helpful first
3496,
3497,
3498,This product supposedly contains type 1 and 3 collagen. How come other bovine collagens state type 1 only?
3499,
3500,
3501,Why do you have to make the product halal. Its an archaic terrible death
3502,See all 5 answers
3503,
3504,
3505,Which amino acids are in this?
3506,
3507,
3508,Can you tell me what types of Collagen are contained in this product?
3509,
3510,
3511,Does it contains 13000 mg of collagen per serving?
3512,
3513,
3514,How long does Wellgard collagen powder last once opened?
3515,
3516,
3517,Hi - does anyone know how many collagens this has? And is it free of glyphosate residue?
3518,
3519,
3520,Is this collagen powder tested for heavy metals?
3521,
3522,
3523,How many grams of protein/carbs/fat per serving? And how many calories per serving.
3524,
3525,
3526,Where is the raw bovine sourced from
3527,See all 3 answers
3528,"Deliver to
Spain"
3529,"Deliver to
Spain"
3530,
3531,
3532,
3533,
3534,
3535,
3536,
3537,
3538,
3539,
3540,
3541,
3542,
3543,
3544,
3545,"            Most Helpful first
            Newest First
          "
3546,Most Helpful first
3547,
3548,
3549,Is the powder good for the gut?
3550,See all 2 answers
3551,
3552,
3553,Has this been tested for heavy metals and pesticides? (Purines are not metals) Thank you!
3554,
3555,
3556,Does this product get rid of wrinkles
3557,See all 2 answers
3558,
3559,
3560,Is it halal can you please provide the certificate for proof of this as the labeling does not state so anywere
3561,See all 2 answers
3562,
3563,
3564,Does this help with sleep?
3565,See all 2 answers
3566,
3567,
3568,Is it Yoga certified?
3569,
3570,
3571,"For the manufacturer, what is the best time to drink it?"
3572,
3573,
3574,Can I mix this with my protein shake?
3575,See all 6 answers
3576,
3577,
3578,how many mg of collagen in one serving
3579,
3580,
3581,"Hi could someone who has been using this powder kindly let me know if possible, is this definitely tasteless? Thatâ€™s my only concern ðŸ˜®. Thank you ðŸ˜Š"
3582,See all 5 answers
3583,"Deliver to
Spain"
3584,"Deliver to
Spain"
3585,
3586,
3587,
3588,
3589,
3590,
3591,
3592,
3593,
3594,
3595,
3596,
3597,
3598,
3599,
3600,"            Most Helpful first
            Newest First
          "
3601,Most Helpful first
3602,
3603,
3604,The tub not seal? Why the cap is diffren? And is no protection sealed when i open?
3605,See all 2 answers
3606,
3607,
3608,I cant see the ingredients?
3609,See all 2 answers
3610,
3611,
3612,Why is the one time purchase amount nearly triple the subscription amount?
3613,See all 2 answers
3614,
3615,
3616,is Bovine and Marine the same collagen ?
3617,
3618,
3619,How many calories are in it?
3620,See all 2 answers
3621,
3622,
3623,Is this halal?
3624,See all 2 answers
3625,
3626,
3627,I did not receive my refund. I have cancelled my order last month? Kindly update. Thanks
3628,
3629,
3630,How long does it take to work for your skin ?
3631,See all 3 answers
3632,
3633,
3634,Lots have people said they had hair loss when stopped taking this?
3635,
3636,
3637,"Is this kosher / halal certified, description states this labelling does not?"
3638,See all 3 answers
3639,"Deliver to
Spain"
3640,"Deliver to
Spain"
3641,
3642,
3643,
3644,
3645,
3646,
3647,
3648,
3649,
3650,
3651,
3652,
3653,
3654,
3655,
3656,"            Most Helpful first
            Newest First
          "
3657,Most Helpful first
3658,
3659,
3660,Wht it doesn't say on tje table of ingredients how much Collagen per 100gr?
3661,
3662,
3663,Is it halal?
3664,See all 6 answers
3665,
3666,
3667,The smell is disgustingly horrible to the point i wasn't able to consume it. does anyone else have this problem? or is it normal?
3668,See all 6 answers
3669,
3670,
3671,Is it good for your skin
3672,See all 4 answers
3673,
3674,
3675,Where on the product does it state Kosher & Halal Certified?
3676,See all 5 answers
3677,
3678,
3679,Is this product halal as I have read mixed comments saying it isn't and some say it is. But on the photo I can't see a halal stamp on the tub.
3680,See all 7 answers
3681,
3682,
3683,does it contain phosphorus ?
3684,See all 4 answers
3685,
3686,
3687,Are the cattle raised in uk and bse free?
3688,See all 4 answers
3689,
3690,
3691,Does this product actually have certification to show it is free from BSE?
3692,See all 3 answers
3693,
3694,
3695,Is this kosher/halal?
3696,See all 4 answers
3697,"Deliver to
Spain"
3698,"Deliver to
Spain"
3699,
3700,
3701,
3702,
3703,
3704,
3705,
3706,
3707,
3708,
3709,
3710,
3711,
3712,
3713,
3714,"            Most Helpful first
            Newest First
          "
3715,Most Helpful first
3716,
3717,
3718,Was just wondering about the serving size as I thought a tablespoon was 15 g
3719,See all 4 answers
3720,
3721,
3722,can I use this to make jello?
3723,See all 2 answers
3724,
3725,
3726,how many grams of collagen per serving?
3727,See all 3 answers
3728,
3729,
3730,I am thinking of taking collagen either powder or tablets. The tablets are upto 1000mg what mg is one serving for powder pls?
3731,See all 4 answers
3732,
3733,
3734,Does this contain Silica?
3735,See all 4 answers
3736,
3737,
3738,"Seller, does this come in capsule form?"
3739,See all 2 answers
3740,
3741,
3742,"What type is this ? 1,2 3,5 exc?"
3743,
3744,
3745,Are the cattle 1) antibiotic and 2) hormone therapy free? and 3) is the winter feed gmo free? thank you
3746,
3747,
3748,A question for the brand I like. Is it tested for heavy metals and glyphosate?
3749,
3750,
3751,Does this product help with hair ?
3752,See all 3 answers
3753,"Deliver to
Spain"
3754,"Deliver to
Spain"
3755,
3756,
3757,
3758,
3759,
3760,
3761,
3762,
3763,
3764,
3765,
3766,
3767,
3768,
3769,
3770,"            Most Helpful first
            Newest First
          "
3771,Most Helpful first
3772,
3773,
3774,How come you are charging me Â£19.99 for this item on subscribe and save when itâ€™s listed in Amazon for Â£14.99?
3775,
3776,
3777,Would this still work with black coffee or would it be too hot and diminish the benefits?
3778,See all 5 answers
3779,
3780,
3781,Is this ok for aip diet
3782,
3783,
3784,If I have regular delivery am I charged postage?
3785,
3786,
3787,Does this product contain any l-arginine? i shouldnâ€™t suppose to consume l-arginine. thank you!
3788,See all 3 answers
3789,
3790,
3791,If this is halal and made in the uk as stated on description the uk government rules on halal meat states that it is only for use by jews or muslims?
3792,See all 3 answers
3793,
3794,
3795,Is this collagen sourced in the uk from uk cows? it says made in the uk but this could mean that itâ€™s packaged here.
3796,
3797,
3798,"Any one using this product for a long time and noticed any difference in skin ,nails and hairs will it help in hair fall and fine lines?"
3799,
3800,
3801,Is this product hormone and antibiotic free
3802,
3803,
3804,Is bovine collagen helpful for feet bones
3805,See all 3 answers
3806,"Deliver to
Spain"
3807,"Deliver to
Spain"
3808,
3809,
3810,
3811,
3812,
3813,
3814,
3815,
3816,
3817,
3818,
3819,
3820,
3821,
3822,
3823,"            Most Helpful first
            Newest First
          "
3824,Most Helpful first
3825,
3826,
3827,Is this GMO?
3828,See all 2 answers
3829,
3830,
3831,"Hello, Which country are the ingredients and collagen sourced from? Regards, Les."
3832,See all 2 answers
3833,
3834,
3835,Does it contain sulfites?
3836,See all 2 answers
3837,
3838,
3839,How much collagen per dose ?
3840,See all 7 answers
3841,
3842,
3843,How do you store this? Does this need to be refrigerated? I've seen some bone broths on Amazon that say you have to refrigerate.
3844,See all 6 answers
3845,
3846,
3847,There is no 'halal' certification on the label. also which organisation awards the 'gold standard'?
3848,
3849,
3850,How many protein in a serving ?
3851,
3852,
3853,Why is it not good for vegans
3854,See all 6 answers
3855,
3856,
3857,Does this contain copper sulphate?
3858,
3859,
3860,"Does the, ""collagen powder, gold standard bovine collagen peptides powder by wellgard,"" have a sealed security cap, or a seal over the tub? thanks."
3861,See all 5 answers
3862,"Deliver to
Spain"
3863,"Deliver to
Spain"
3864,
3865,
3866,
3867,
3868,
3869,
3870,
3871,
3872,
3873,
3874,
3875,
3876,
3877,
3878,
3879,"            Most Helpful first
            Newest First
          "
3880,Most Helpful first
3881,
3882,
3883,Are the cattle free from antibiotics and grass fed?
3884,See all 2 answers
3885,
3886,
3887,"Is this kosher / halal certified, description states this labelling does not?"
3888,
3889,
3890,How many calories in 2 tablespoons
3891,See all 2 answers
3892,
3893,
3894,is this product halal? because the description says its not suitable for vegetarian
3895,
3896,
3897,"The packaging is not sealed around the tub, I just pushed the flap up, is that correct?"
3898,See all 7 answers
3899,
3900,
3901,Is this dairy free?
3902,See all 3 answers
3903,
3904,
3905,Does it have Verisol?
3906,See all 2 answers
3907,
3908,
3909,"is this certified organic gluten free ,grass fed and grass finished from from hormones, antibiotics ?"
3910,See all 2 answers
3911,
3912,
3913,"If this product is made in uk, as stated, why has it increased in price by Â£5.55 since i purchased last in november?"
3914,
3915,
3916,Country of origin? country of packaging?
3917,See all 5 answers
3918,"Deliver to
Spain"
3919,"Deliver to
Spain"
3920,
3921,
3922,
3923,
3924,
3925,
3926,
3927,
3928,
3929,
3930,
3931,
3932,
3933,
3934,
3935,"            Most Helpful first
            Newest First
          "
3936,Most Helpful first
3937,
3938,
3939,1) are cows free from antibiotics and hormone therapy? 2) is any extra feed in winter gmo free?
